Workbook
Name JR_PAGE_ANCHOR_0_1: Q1_V1!#REF!
Name JR_PAGE_ANCHOR_0_1: Q1_V2!#REF!
Name JR_PAGE_ANCHOR_0_1: Q1_V3!#REF!
Name JR_PAGE_ANCHOR_0_1: 'report name'!#REF!

Sheet report name
A1: Nombte | B1: Porcentaje | D1: Nota Quiz 1 | E1: DDD
A2: Amaya Soto,Sergio Andres | B2: 0 | D2: =VLOOKUP(A2,'Quiz 1_Consolidado'!$A$2:$B$30,2,FALSE) -> 4.38 | E2: 4.38 | G2: =AVERAGE(D2:D31) -> #N/A
A3: Arrechea Hernandez,Adrian Santiago Alejandro | B3: 0 | D3: =VLOOKUP(A3,'Quiz 1_Consolidado'!$A$2:$B$30,2,FALSE) -> 1.99 | E3: 1.99
A4: Bedoya Joseph,Nicolas | B4: 0.3125 | D4: =VLOOKUP(A4,'Quiz 1_Consolidado'!$A$2:$B$30,2,FALSE) -> #N/A | E4: #N/A
A5: Caicedo Gil,Juan Jose | B5: 0 | D5: =VLOOKUP(A5,'Quiz 1_Consolidado'!$A$2:$B$30,2,FALSE) -> 2.62 | E5: 2.62
A6: Cuellar Useche,Juan Jose | B6: 0 | D6: =VLOOKUP(A6,'Quiz 1_Consolidado'!$A$2:$B$30,2,FALSE) -> 3.15 | E6: 3.15
A7: Cuervo Varona,Juan Diego | B7: 0 | D7: =VLOOKUP(A7,'Quiz 1_Consolidado'!$A$2:$B$30,2,FALSE) -> 3.95 | E7: 3.95
A8: Diaz Benitez,Nicol Julieth | B8: 0 | D8: =VLOOKUP(A8,'Quiz 1_Consolidado'!$A$2:$B$30,2,FALSE) -> 2.82 | E8: 2.82
A9: Erazo Poveda,Juan Manuel | B9: 0 | D9: =VLOOKUP(A9,'Quiz 1_Consolidado'!$A$2:$B$30,2,FALSE) -> 2.82 | E9: 2.82
A10: Garcia Castañeda,Andres Felipe | B10: 0 | D10: =VLOOKUP(A10,'Quiz 1_Consolidado'!$A$2:$B$30,2,FALSE) -> 4.51 | E10: 4.51
A11: Gracia Martinez,Juan Jose | B11: 0.0625 | D11: =VLOOKUP(A11,'Quiz 1_Consolidado'!$A$2:$B$30,2,FALSE) -> 3.65 | E11: 3.65
A12: Gutierrez Fonseca,Juan Jose | B12: 0 | D12: =VLOOKUP(A12,'Quiz 1_Consolidado'!$A$2:$B$30,2,FALSE) -> 3.64 | E12: 3.64
A13: Henao Rincon,Martin | B13: 0 | D13: =VLOOKUP(A13,'Quiz 1_Consolidado'!$A$2:$B$30,2,FALSE) -> 3.65 | E13: 3.65
A14: Herrera Duarte,Miguel Angel | B14: 0 | D14: =VLOOKUP(A14,'Quiz 1_Consolidado'!$A$2:$B$30,2,FALSE) -> 4.28 | E14: 4.28
A15: Mendez Lañas,Julian David | B15: 0.125 | D15: =VLOOKUP(A15,'Quiz 1_Consolidado'!$A$2:$B$30,2,FALSE) -> 1.26 | E15: 1.26
A16: Moreno Calderon,Nicolas | B16: 0.0625 | D16: =VLOOKUP(A16,'Quiz 1_Consolidado'!$A$2:$B$30,2,FALSE) -> 2.62 | E16: 2.62
A17: Perez Vargas,Santiago | B17: 0 | D17: =VLOOKUP(A17,'Quiz 1_Consolidado'!$A$2:$B$30,2,FALSE) -> 4.61 | E17: 4.61
A18: Ramirez Rincon,Juan Jose | B18: 0.1875 | D18: =VLOOKUP(A18,'Quiz 1_Consolidado'!$A$2:$B$30,2,FALSE) -> #N/A | E18: #N/A
A19: Rengifo Castaño,Jorge Andres | B19: 0 | D19: =VLOOKUP(A19,'Quiz 1_Consolidado'!$A$2:$B$30,2,FALSE) -> 0.73 | E19: 0.73
A20: Reyes Erazo,Salome | B20: 0 | D20: =VLOOKUP(A20,'Quiz 1_Consolidado'!$A$2:$B$30,2,FALSE) -> 3.65 | E20: 3.65
A21: Reyes Marin,Sarah | B21: 0 | D21: =VLOOKUP(A21,'Quiz 1_Consolidado'!$A$2:$B$30,2,FALSE) -> 3.25 | E21: 3.25
A22: Roa Bueno,Alejandro | B22: 0 | D22: =VLOOKUP(A22,'Quiz 1_Consolidado'!$A$2:$B$30,2,FALSE) -> 3.65 | E22: 3.65
A23: Rojas Leon,Leonardo Jose | B23: 0 | D23: =VLOOKUP(A23,'Quiz 1_Consolidado'!$A$2:$B$30,2,FALSE) -> 3.35 | E23: 3.35
A24: Ruano Herrera,Isabella | B24: 0 | D24: =VLOOKUP(A24,'Quiz 1_Consolidado'!$A$2:$B$30,2,FALSE) -> 3.02 | E24: 3.02
A25: Silva Cabezas,Juan Sebastian | B25: 0 | D25: =VLOOKUP(A25,'Quiz 1_Consolidado'!$A$2:$B$30,2,FALSE) -> 3.45 | E25: 3.45
A26: Suarez Rincon,Samuel Esteban | B26: 0.0625 | D26: =VLOOKUP(A26,'Quiz 1_Consolidado'!$A$2:$B$30,2,FALSE) -> 0 | E26: 0
A27: Tamayo Millan,Nicolas | B27: 0 | D27: =VLOOKUP(A27,'Quiz 1_Consolidado'!$A$2:$B$30,2,FALSE) -> 2.48 | E27: 2.48
A28: Vargas Bravo,Angie Catalina | B28: 0 | D28: =VLOOKUP(A28,'Quiz 1_Consolidado'!$A$2:$B$30,2,FALSE) -> 4.41 | E28: 4.41
A29: Velasco Davila,Gabriela | B29: 0 | D29: =VLOOKUP(A29,'Quiz 1_Consolidado'!$A$2:$B$30,2,FALSE) -> 2.72 | E29: 2.72
A30: Villa Gamez,Jose Miguel | B30: 0 | D30: =VLOOKUP(A30,'Quiz 1_Consolidado'!$A$2:$B$30,2,FALSE) -> 2.09 | E30: 2.09
A31: Villota Quintero,Alejandro | B31: 0 | D31: =VLOOKUP(A31,'Quiz 1_Consolidado'!$A$2:$B$30,2,FALSE) -> 3.65 | E31: 3.65

Sheet Q1_V1
A1: Nombte | B1: Porcentaje | C1: P1 | D1: P2 | E1: P3 | F1: P4 | G1: P5 | H1: P6 | I1: P7 | J1: P8 | K1: NF
A2: Arrechea Hernandez,Adrian Santiago Alejandro | B2: 0 | C2: 0 | D2: 0 | E2: 0.63 | F2: 0.63 | G2: 0.63 | H2: 0 | I2: 0 | J2: 0.1 | K2: =SUM(C2:J2) -> 1.99
A3: Erazo Poveda,Juan Manuel | B3: 0 | C3: 0.63 | D3: 0 | E3: 0.63 | F3: 0.63 | G3: 0 | H3: 0.63 | I3: 0 | J3: 0.3 | K3: =SUM(C3:J3) -> 2.82
A4: Gracia Martinez,Juan Jose | B4: 0.0625 | C4: 0 | D4: 0.63 | E4: 0.63 | F4: 0.63 | G4: 0 | H4: 0.63 | I4: 0.63 | J4: 0.5 | K4: =SUM(C4:J4) -> 3.65
A5: Gutierrez Fonseca,Juan Jose | B5: 0 | C5: 0 | D5: 0.63 | E5: 0.63 | F5: 0.63 | G5: 0 | H5: 0.63 | I5: 0.62 | J5: 0.5 | K5: =SUM(C5:J5) -> 3.64
A6: Rengifo Castaño,Jorge Andres | B6: 0 | C6: 0 | D6: 0 | E6: 0.63 | F6: 0 | G6: 0 | H6: 0 | I6: 0 | J6: 0.1 | K6: =SUM(C6:J6) -> 0.73
A7: Reyes Marin,Sarah | B7: 0 | C7: 0.63 | D7: 0.63 | E7: 0.63 | F7: 0.63 | G7: 0 | H7: 0.63 | I7: 0 | J7: 0.1 | K7: =SUM(C7:J7) -> 3.25
A8: Ruano Herrera,Isabella | B8: 0 | C8: 0.63 | D8: 0.63 | E8: 0.63 | F8: 0.63 | G8: 0 | H8: 0 | I8: 0 | J8: 0.5 | K8: =SUM(C8:J8) -> 3.02
A9: Suarez Rincon,Samuel Esteban | B9: 0.0625 | C9: 0 | D9: 0 | E9: 0 | F9: 0 | G9: 0 | H9: 0 | I9: 0 | J9: 0 | K9: =SUM(C9:J9) -> 0
A10: Tamayo Millan,Nicolas | B10: 0 | C10: 0 | D10: 0.63 | E10: 0.63 | F10: 0 | G10: 0 | H10: 0 | I10: 0.62 | J10: 0.6 | K10: =SUM(C10:J10) -> 2.48
A11: Vargas Bravo,Angie Catalina | B11: 0 | C11: 0.63 | D11: 0.63 | E11: 0.63 | F11: 0.63 | G11: 0.63 | H11: 0.63 | I11: 0.63 | J11: 0 | K11: =SUM(C11:J11) -> 4.41

Sheet Q1_V2
C1: 0.63 | D1: 0.63 | E1: 0.63 | F1: 0.63 | G1: 0.63 | H1: 0.63 | I1: 0.62 | J1: 0.6 | K1: =SUM(C1:J1) -> 5 | L1: =5/8 -> 0.625
A2: Nombte | B2: Porcentaje | C2: P1 | D2: P2 | E2: P3 | F2: P4 | G2: P5 | H2: P6 | I2: P7 | J2: P8 | K2: NF
A3: Amaya Soto,Sergio Andres | B3: 0 | C3: 0.63 | D3: 0.63 | E3: 0.63 | F3: 0.63 | G3: 0.63 | H3: 0 | I3: 0.63 | J3: 0.6 | K3: =SUM(C3:J3) -> 4.38
A4: Caicedo Gil,Juan Jose | B4: 0 | C4: 0.63 | D4: 0.63 | E4: 0 | F4: 0.63 | G4: 0 | H4: 0.63 | I4: 0 | J4: 0.1 | K4: =SUM(C4:J4) -> 2.62
A5: Cuellar Useche,Juan Jose | B5: 0 | C5: 0 | D5: 0.63 | E5: 0.63 | F5: 0.63 | G5: 0.63 | H5: 0.63 | I5: 0 | J5: 0 | K5: =SUM(C5:J5) -> 3.15
A6: Cuervo Varona,Juan Diego | B6: 0 | C6: 0.63 | D6: 0.63 | E6: 0.63 | F6: 0.63 | G6: 0.63 | H6: 0 | I6: 0.3 | J6: 0.5 | K6: =SUM(C6:J6) -> 3.95
A7: Garcia Castañeda,Andres Felipe | B7: 0 | C7: 0.63 | D7: 0.63 | E7: 0.63 | F7: 0.63 | G7: 0.63 | H7: 0.63 | I7: 0.63 | J7: 0.1 | K7: =SUM(C7:J7) -> 4.51
A8: Henao Rincon,Martin | B8: 0 | C8: 0.63 | D8: 0 | E8: 0.63 | F8: 0.63 | G8: 0.63 | H8: 0 | I8: 0.63 | J8: 0.5 | K8: =SUM(C8:J8) -> 3.65
A9: Herrera Duarte,Miguel Angel | B9: 0 | C9: 0.63 | D9: 0.63 | E9: 0.63 | F9: 0.63 | G9: 0.63 | H9: 0.63 | I9: 0 | J9: 0.5 | K9: =SUM(C9:J9) -> 4.28
A10: Moreno Calderon,Nicolas | B10: 0.0625 | C10: 0.63 | D10: 0 | E10: 0.63 | F10: 0 | G10: 0.63 | H10: 0.63 | I10: 0 | J10: 0.1 | K10: =SUM(C10:J10) -> 2.62
A11: Reyes Erazo,Salome | B11: 0 | C11: 0 | D11: 0.63 | E11: 0.63 | F11: 0.63 | G11: 0.63 | H11: 0 | I11: 0.63 | J11: 0.5 | K11: =SUM(C11:J11) -> 3.65
A12: Velasco Davila,Gabriela | B12: 0 | C12: 0 | D12: 0.63 | E12: 0.63 | F12: 0.63 | G12: 0 | H12: 0.63 | I12: 0 | J12: 0.2 | K12: =SUM(C12:J12) -> 2.72

Sheet Q1_V3
C1: 0.6 | D1: 0.63 | E1: 0.63 | F1: 0.63 | G1: 0.63 | H1: 0.63 | I1: 0.63 | J1: 0.62 | K1: =SUM(C1:J1) -> 5
A2: Nombte | B2: Porcentaje | C2: P1 | D2: P2 | E2: P3 | F2: P4 | G2: P5 | H2: P6 | I2: P7 | J2: P8 | K2: NF
A3: Diaz Benitez,Nicol Julieth | B3: 0 | C3: 0.3 | D3: 0.63 | E3: 0.63 | F3: 0 | G3: 0 | H3: 0.63 | I3: 0.63 | J3: 0 | K3: =SUM(C3:J3) -> 2.82
A4: Gutierrez Fonseca,Juan Jose | B4: 0 | C4: 0 | D4: 0 | E4: 0.63 | F4: 0.63 | G4: 0.63 | H4: 0.63 | I4: 0.63 | J4: 0 | K4: =SUM(C4:J4) -> 3.15
A5: Mendez Lañas,Julian David | B5: 0.125 | C5: 0 | D5: 0.63 | E5: 0.63 | F5: 0 | G5: 0 | H5: 0 | I5: 0 | J5: 0 | K5: =SUM(C5:J5) -> 1.26
A6: Perez Vargas,Santiago | B6: 0 | C6: 0.2 | D6: 0.63 | E6: 0.63 | F6: 0.63 | G6: 0.63 | H6: 0.63 | I6: 0.63 | J6: 0.63 | K6: =SUM(C6:J6) -> 4.61
A7: Roa Bueno,Alejandro | B7: 0 | C7: 0.5 | D7: 0.63 | E7: 0.63 | F7: 0.63 | G7: 0.63 | H7: 0 | I7: 0.63 | J7: 0 | K7: =SUM(C7:J7) -> 3.65
A8: Rojas Leon,Leonardo Jose | B8: 0 | C8: 0.2 | D8: 0 | E8: 0.63 | F8: 0.63 | G8: 0.63 | H8: 0.63 | I8: 0.63 | J8: 0 | K8: =SUM(C8:J8) -> 3.35
A9: Silva Cabezas,Juan Sebastian | B9: 0 | C9: 0.3 | D9: 0.63 | E9: 0.63 | F9: 0.63 | G9: 0.63 | H9: 0 | I9: 0 | J9: 0.63 | K9: =SUM(C9:J9) -> 3.45
A10: Villa Gamez,Jose Miguel | B10: 0 | C10: 0.2 | D10: 0 | E10: 0.63 | F10: 0.63 | G10: 0.63 | H10: 0 | I10: 0 | J10: 0 | K10: =SUM(C10:J10) -> 2.09
A11: Villota Quintero,Alejandro | B11: 0 | C11: 0.5 | D11: 0.63 | E11: 0.63 | F11: 0.63 | G11: 0.63 | H11: 0 | I11: 0.63 | J11: 0 | K11: =SUM(C11:J11) -> 3.65

Sheet Quiz 1_Consolidado
A1: Nombte | B1: Nota
A2: =Q1_V1!A2 -> Arrechea Hernandez,Adrian Santiago Alejandro | B2: =Q1_V1!K2 -> 1.99
A3: =Q1_V1!A3 -> Erazo Poveda,Juan Manuel | B3: =Q1_V1!K3 -> 2.82
A4: =Q1_V1!A4 -> Gracia Martinez,Juan Jose | B4: =Q1_V1!K4 -> 3.65
A5: =Q1_V1!A5 -> Gutierrez Fonseca,Juan Jose | B5: =Q1_V1!K5 -> 3.64
A6: =Q1_V1!A6 -> Rengifo Castaño,Jorge Andres | B6: =Q1_V1!K6 -> 0.73
A7: =Q1_V1!A7 -> Reyes Marin,Sarah | B7: =Q1_V1!K7 -> 3.25
A8: =Q1_V1!A8 -> Ruano Herrera,Isabella | B8: =Q1_V1!K8 -> 3.02
A9: =Q1_V1!A9 -> Suarez Rincon,Samuel Esteban | B9: =Q1_V1!K9 -> 0
A10: =Q1_V1!A10 -> Tamayo Millan,Nicolas | B10: =Q1_V1!K10 -> 2.48
A11: =Q1_V1!A11 -> Vargas Bravo,Angie Catalina | B11: =Q1_V1!K11 -> 4.41
A12: =Q1_V2!A3 -> Amaya Soto,Sergio Andres | B12: =Q1_V2!K3 -> 4.38
A13: =Q1_V2!A4 -> Caicedo Gil,Juan Jose | B13: =Q1_V2!K4 -> 2.62
A14: =Q1_V2!A5 -> Cuellar Useche,Juan Jose | B14: =Q1_V2!K5 -> 3.15
A15: =Q1_V2!A6 -> Cuervo Varona,Juan Diego | B15: =Q1_V2!K6 -> 3.95
A16: =Q1_V2!A7 -> Garcia Castañeda,Andres Felipe | B16: =Q1_V2!K7 -> 4.51
A17: =Q1_V2!A8 -> Henao Rincon,Martin | B17: =Q1_V2!K8 -> 3.65
A18: =Q1_V2!A9 -> Herrera Duarte,Miguel Angel | B18: =Q1_V2!K9 -> 4.28
A19: =Q1_V2!A10 -> Moreno Calderon,Nicolas | B19: =Q1_V2!K10 -> 2.62
A20: =Q1_V2!A11 -> Reyes Erazo,Salome | B20: =Q1_V2!K11 -> 3.65
A21: =Q1_V2!A12 -> Velasco Davila,Gabriela | B21: =Q1_V2!K12 -> 2.72
A22: =Q1_V3!A3 -> Diaz Benitez,Nicol Julieth | B22: =Q1_V3!K3 -> 2.82
A23: =Q1_V3!A4 -> Gutierrez Fonseca,Juan Jose | B23: =Q1_V3!K4 -> 3.15
A24: =Q1_V3!A5 -> Mendez Lañas,Julian David | B24: =Q1_V3!K5 -> 1.26
A25: =Q1_V3!A6 -> Perez Vargas,Santiago | B25: =Q1_V3!K6 -> 4.61
A26: =Q1_V3!A7 -> Roa Bueno,Alejandro | B26: =Q1_V3!K7 -> 3.65
A27: =Q1_V3!A8 -> Rojas Leon,Leonardo Jose | B27: =Q1_V3!K8 -> 3.35
A28: =Q1_V3!A9 -> Silva Cabezas,Juan Sebastian | B28: =Q1_V3!K9 -> 3.45
A29: =Q1_V3!A10 -> Villa Gamez,Jose Miguel | B29: =Q1_V3!K10 -> 2.09
A30: =Q1_V3!A11 -> Villota Quintero,Alejandro | B30: =Q1_V3!K11 -> 3.65
